#--ls 10.49, --lt 23.8, --cb 0.1, --cm 0.4, --ct 0.2, --dt 1e-10,  --seed 1, --framerate 1e-10, --eqb 120, --eqmpre 200, --eqmpost 224, --eqt 0, --nomovie,,
k_b,    k_ub,    runtime,   exp_binding_constant,    max ob time,    min ob time,    max bb time,    min bb time,    max nb step,    min nb step,    max fb step,    min fb step, total steps, nbx disp, fbx disp
100000000,	100,	1.0,	0.0,	0.00046458790000003525,	2.8700000043180296e-08,	0.0483790046,	1.3402500000037065e-05,	65.3190817,	-49.2397287,	67.5789166, 	-43.0488761, 	91, 	-19.0829306, 	-81.0961027
100000000.0,	100,	1.0,	1.0,	0.0003553862999999824,	1.4800000003312164e-08,	0.0631432536,	2.137289999998293e-05,	66.31868440000001,	-56.3949357,	65.2957668, 	-45.1625386, 	80, 	-54.5247137, 	12.224192899999998
100000000.0,	100,	1.0,	10.0,	0.00018258969999995767,	4.76520000003422e-06,	0.2767298255,	0.032157522500000035,	0.0,	0.0,	2.5397532, 	-4.589961599999999, 	7, 	0.0, 	-4.566296800000002
100000000.0,	100,	1.0,	-10.0,	0.0009648178000000174,	9.699999914403179e-09,	0.1290526355,	0.0,	60.587198799999896,	-57.52297559999715,	68.37944109999808, 	-72.22534829999859, 	6310, 	114446.68578100001, 	114476.7625839
100000000.0,	100,	1.0,	-1.0,	0.0003451848999999896,	6.12000000677071e-08,	0.0746703414,	7.045839999997305e-05,	68.41503719999999,	-51.22799359999999,	68.3547422, 	-52.233509100000006, 	131, 	-76.2660157, 	-83.813193
100000000.0,	100,	1.0,	-0.5,	0.0001412825000000062,	2.000000165480742e-10,	0.031457185499999984,	5.5294099999936286e-05,	24.744997299999998,	-16.876893799999998,	29.958805200000004, 	-21.648704900000002, 	150, 	54.818502800000005, 	57.2719868
100000000.0,	100,	5.0,	-0.5,	0.00017988700000026725,	0.0,	0.04498827499999969,	2.066999999605912e-06,	36.210550600000005,	-34.41499680000004,	51.5620844, 	-32.05616020000002, 	764, 	569.8167603, 	572.5784297
